사용월,호선명,역ID,지하철역,유임승차,유임하차,무임승차,무임하차,작업일시
2020-04,1호선,0150,서울역,"775,859","748,330","139,595","130,554",2020-05-03 10:27:24
2020-04,1호선,0151,시청,"381,606","384,171","52,670","50,782",2020-05-03 10:27:24
2020-04,1호선,0152,종각,"706,082","687,093","96,784","90,826",2020-05-03 10:27:24
2020-04,1호선,0153,종로3가,"388,837","368,220","231,829","220,625",2020-05-03 10:27:24
2020-04,1호선,0154,종로5가,"315,667","325,844","200,562","192,744",2020-05-03 10:27:24
2020-04,1호선,0155,동대문,"187,667","190,186","97,137","99,317",2020-05-03 10:27:24
2020-04,1호선,0156,신설동,"240,865","239,399","90,729","86,446",2020-05-03 10:27:24
2020-04,1호선,0157,제기동,"199,566","194,428","215,954","231,300",2020-05-03 10:27:24
2020-04,1호선,0158,청량리(서울시립대입구),"283,166","276,754","222,227","225,805",2020-05-03 10:27:24
2020-04,1호선,0159,동묘앞,"109,891","122,030","124,654","125,843",2020-05-03 10:27:24
2020-04,2호선,0201,시청,"450,214","454,725","37,129","33,425",2020-05-03 10:27:24
2020-04,2호선,0202,을지로입구,"763,783","793,953","67,368","62,748",2020-05-03 10:27:24
2020-04,2호선,0203,을지로3가,"399,344","403,589","51,720","50,877",2020-05-03 10:27:24
2020-04,2호선,0204,을지로4가,"211,060","213,345","71,136","69,277",2020-05-03 10:27:24
2020-04,2호선,0205,동대문역사문화공원(DDP),"233,818","263,288","38,972","40,804",2020-05-03 10:27:24
2020-04,2호선,0206,신당,"253,639","257,741","73,487","75,546",2020-05-03 10:27:24
2020-04,2호선,0207,상왕십리,"267,559","252,850","45,823","45,725",2020-05-03 10:27:24
2020-04,2호선,0208,왕십리(성동구청),"340,696","286,893","38,480","32,973",2020-05-03 10:27:24
2020-04,2호선,0209,한양대,"144,015","157,874","9,776","10,205",2020-05-03 10:27:24
2020-04,2호선,0210,뚝섬,"424,352","455,448","43,290","43,808",2020-05-03 10:27:24
2020-04,2호선,0211,성수,"655,184","729,838","78,169","79,922",2020-05-03 10:27:24
2020-04,2호선,0212,건대입구,"800,408","872,176","65,268","67,494",2020-05-03 10:27:24
2020-04,2호선,0213,구의(광진구청),"485,187","465,247","75,413","76,990",2020-05-03 10:27:24
2020-04,2호선,0214,강변(동서울터미널),"676,082","673,317","83,345","81,844",2020-05-03 10:27:24
2020-04,2호선,0215,잠실나루,"254,613","244,434","53,516","53,616",2020-05-03 10:27:24
2020-04,2호선,0216,잠실(송파구청),"1,422,389","1,379,692","115,451","110,121",2020-05-03 10:27:24
2020-04,2호선,0217,잠실새내,"408,366","419,412","68,086","68,252",2020-05-03 10:27:24
2020-04,2호선,0218,종합운동장,"124,211","134,927","21,348","22,361",2020-05-03 10:27:24
2020-04,2호선,0219,삼성(무역센터),"992,254","1,023,566","75,529","68,921",2020-05-03 10:27:24
2020-04,2호선,0220,선릉,"1,064,925","954,337","168,651","149,755",2020-05-03 10:27:24
2020-04,2호선,0221,역삼,"935,717","1,047,340","115,249","116,340",2020-05-03 10:27:24
2020-04,2호선,0222,강남,"1,893,747","1,931,393","126,471","111,384",2020-05-03 10:27:24
2020-04,2호선,0223,교대(법원.검찰청),"642,711","721,182","100,251","111,532",2020-05-03 10:27:24
2020-04,2호선,0224,서초,"402,574","394,789","48,312","48,508",2020-05-03 10:27:24
2020-04,2호선,0225,방배,"321,319","332,706","49,110","47,874",2020-05-03 10:27:24
2020-04,2호선,0226,사당,"755,816","847,268","121,440","117,937",2020-05-03 10:27:24
2020-04,2호선,0227,낙성대(강감찬),"576,448","542,225","75,428","77,118",2020-05-03 10:27:24
2020-04,2호선,0228,서울대입구(관악구청),"1,000,840","977,588","138,261","132,834",2020-05-03 10:27:24
2020-04,2호선,0229,봉천,"469,912","421,275","105,383","106,512",2020-05-03 10:27:24
2020-04,2호선,0230,신림,"1,403,874","1,336,112","159,581","160,381",2020-05-03 10:27:24
2020-04,2호선,0231,신대방,"549,084","517,895","88,920","90,300",2020-05-03 10:27:24
2020-04,2호선,0232,구로디지털단지,"1,265,934","1,261,170","117,762","119,152",2020-05-03 10:27:24
2020-04,2호선,0233,대림(구로구청),"505,128","510,823","80,723","84,444",2020-05-03 10:27:24
2020-04,2호선,0234,신도림,"1,021,928","1,010,838","128,620","121,940",2020-05-03 10:27:24
2020-04,2호선,0235,문래,"407,341","420,002","53,436","52,915",2020-05-03 10:27:24
2020-04,2호선,0236,영등포구청,"437,783","447,232","71,551","71,102",2020-05-03 10:27:24
2020-04,2호선,0237,당산,"415,631","475,721","44,772","48,562",2020-05-03 10:27:24
2020-04,2호선,0238,합정,"680,012","732,794","48,502","48,049",2020-05-03 10:27:24
2020-04,2호선,0239,홍대입구,"1,215,864","1,316,632","68,810","65,931",2020-05-03 10:27:24
2020-04,2호선,0240,신촌,"711,282","744,171","85,425","81,895",2020-05-03 10:27:24
2020-04,2호선,0241,이대,"228,601","236,202","29,125","30,379",2020-05-03 10:27:24
2020-04,2호선,0242,아현,"172,781","163,201","44,133","43,693",2020-05-03 10:27:24
2020-04,2호선,0243,충정로(경기대입구),"187,017","198,082","34,383","34,483",2020-05-03 10:27:24
2020-04,2호선,0244,용답,"45,615","44,333","14,050","13,217",2020-05-03 10:27:24
2020-04,2호선,0245,신답,"28,550","31,598","7,648","8,010",2020-05-03 10:27:24
2020-04,2호선,0246,신설동,"56,392","53,554","24,794","26,568",2020-05-03 10:27:24
2020-04,2호선,0247,도림천,"22,292","23,414","4,863","5,127",2020-05-03 10:27:24
2020-04,2호선,0248,양천구청,"117,100","121,997","30,390","31,013",2020-05-03 10:27:24
2020-04,2호선,0249,신정네거리,"167,234","172,312","47,696","49,447",2020-05-03 10:27:24
2020-04,2호선,0250,용두(동대문구청),"34,801","35,832","18,029","19,415",2020-05-03 10:27:24
2020-04,3호선,0309,지축,"64,562","61,178","12,107","13,266",2020-05-03 10:27:24
2020-04,3호선,0310,구파발,"399,966","376,694","80,024","76,296",2020-05-03 10:27:24
2020-04,3호선,0311,연신내,"730,185","682,874","193,010","187,551",2020-05-03 10:27:24
2020-04,3호선,0312,불광,"289,155","315,065","97,399","108,406",2020-05-03 10:27:24
2020-04,3호선,0313,녹번,"260,200","224,354","49,200","48,788",2020-05-03 10:27:24
2020-04,3호선,0314,홍제,"306,109","284,375","103,067","101,725",2020-05-03 10:27:24
2020-04,3호선,0315,무악재,"67,521","66,344","20,597","22,331",2020-05-03 10:27:24
2020-04,3호선,0316,독립문,"111,435","121,299","52,199","51,809",2020-05-03 10:27:24
2020-04,3호선,0317,경복궁(정부서울청사),"346,535","352,705","50,945","47,819",2020-05-03 10:27:24
2020-04,3호선,0318,안국,"355,403","380,286","44,665","46,550",2020-05-03 10:27:24
2020-04,3호선,0319,종로3가,"180,754","220,747","40,996","44,914",2020-05-03 10:27:24
2020-04,3호선,0320,을지로3가,"186,076","203,446","38,393","37,366",2020-05-03 10:27:24
2020-04,3호선,0321,충무로,15,0,1,0,2020-05-03 10:27:24
2020-04,3호선,0322,동대입구,"143,973","159,132","23,085","26,434",2020-05-03 10:27:24
2020-04,3호선,0323,약수,"239,480","234,528","56,815","54,451",2020-05-03 10:27:24
2020-04,3호선,0324,금호,"151,083","138,346","38,392","37,865",2020-05-03 10:27:24
2020-04,3호선,0325,옥수,"169,584","173,782","39,502","39,810",2020-05-03 10:27:24
2020-04,3호선,0326,압구정,"598,084","654,235","83,764","81,178",2020-05-03 10:27:24
2020-04,3호선,0327,신사,"627,699","677,263","51,382","49,090",2020-05-03 10:27:24
2020-04,3호선,0328,잠원,"103,325","100,430","23,794","23,040",2020-05-03 10:27:24
2020-04,3호선,0329,고속터미널,"842,839","845,237","99,667","96,512",2020-05-03 10:27:24
2020-04,3호선,0330,교대(법원.검찰청),"257,763","175,348","43,856","27,122",2020-05-03 10:27:24
2020-04,3호선,0331,남부터미널(예술의전당),"568,513","586,701","74,290","74,923",2020-05-03 10:27:24
2020-04,3호선,0332,양재(서초구청),"727,613","789,736","92,836","94,080",2020-05-03 10:27:24
2020-04,3호선,0333,매봉,"206,666","200,274","36,475","33,338",2020-05-03 10:27:24
2020-04,3호선,0334,도곡,"92,121","96,215","15,878","14,244",2020-05-03 10:27:24
2020-04,3호선,0335,대치,"192,218","185,505","37,575","35,556",2020-05-03 10:27:24
2020-04,3호선,0336,학여울,"28,265","28,971","8,891","8,562",2020-05-03 10:27:24
2020-04,3호선,0337,대청,"169,543","153,245","37,462","35,551",2020-05-03 10:27:24
2020-04,3호선,0338,일원,"153,106","150,346","38,232","37,996",2020-05-03 10:27:24
2020-04,3호선,0339,수서,"288,110","293,846","68,230","67,384",2020-05-03 10:27:24
2020-04,3호선,0340,가락시장,"151,513","148,756","52,206","50,803",2020-05-03 10:27:24
2020-04,3호선,0341,경찰병원,"136,998","135,772","27,892","28,472",2020-05-03 10:27:24
2020-04,3호선,0342,오금,"122,099","106,890","19,024","18,207",2020-05-03 10:27:24
2020-04,4호선,0409,당고개,"229,045","207,186","69,440","69,104",2020-05-03 10:27:24
2020-04,4호선,0410,상계,"370,211","331,032","86,309","84,324",2020-05-03 10:27:24
2020-04,4호선,0411,노원,"401,649","464,716","63,394","62,820",2020-05-03 10:27:24
2020-04,4호선,0412,창동,"477,028","506,857","138,919","144,528",2020-05-03 10:27:24
2020-04,4호선,0413,쌍문,"603,610","528,878","117,781","116,388",2020-05-03 10:27:24
2020-04,4호선,0414,수유(강북구청),"687,854","677,063","148,659","148,273",2020-05-03 10:27:24
2020-04,4호선,0415,미아(서울사이버대학),"274,876","256,558","86,123","87,301",2020-05-03 10:27:24
2020-04,4호선,0416,미아사거리,"539,045","519,062","134,809","132,948",2020-05-03 10:27:24
2020-04,4호선,0417,길음,"377,622","351,291","80,663","81,070",2020-05-03 10:27:24
2020-04,4호선,0418,성신여대입구(돈암),"407,398","386,591","61,748","59,934",2020-05-03 10:27:24
2020-04,4호선,0419,한성대입구(삼선교),"253,817","250,796","51,413","51,057",2020-05-03 10:27:24
2020-04,4호선,0420,혜화,"584,572","603,325","86,574","84,543",2020-05-03 10:27:24
2020-04,4호선,0421,동대문,"359,326","377,624","122,010","114,634",2020-05-03 10:27:24
2020-04,4호선,0422,동대문역사문화공원(DDP),"309,277","293,345","40,325","36,259",2020-05-03 10:27:24
2020-04,4호선,0423,충무로,"492,170","519,335","87,597","87,971",2020-05-03 10:27:24
2020-04,4호선,0424,명동,"342,220","365,304","38,146","38,439",2020-05-03 10:27:24
2020-04,4호선,0425,회현(남대문시장),"401,941","441,140","123,393","123,203",2020-05-03 10:27:24
2020-04,4호선,0426,서울역,"218,806","310,842","27,475","30,960",2020-05-03 10:27:24
2020-04,4호선,0427,숙대입구(갈월),"255,637","254,294","37,371","35,058",2020-05-03 10:27:24
2020-04,4호선,0428,삼각지,"85,579","96,780","16,784","17,329",2020-05-03 10:27:24
2020-04,4호선,0429,신용산,"298,261","314,557","34,171","34,176",2020-05-03 10:27:24
2020-04,4호선,0430,이촌(국립중앙박물관),"115,901","134,635","27,303","29,917",2020-05-03 10:27:24
2020-04,4호선,0431,동작(현충원),"43,551","46,516","18,079","17,799",2020-05-03 10:27:24
2020-04,4호선,0432,총신대입구(이수),"344,823","381,855","102,538","107,354",2020-05-03 10:27:24
2020-04,4호선,0433,사당,"526,619","447,706","58,257","56,341",2020-05-03 10:27:24
2020-04,4호선,0434,남태령,"18,498","14,649","6,268","5,959",2020-05-03 10:27:24
2020-04,경부선,1001,서울역,"90,086","26,098","5,295","1,276",2020-05-03 10:27:24
2020-04,경부선,1002,남영,"190,239","197,689","26,697","28,194",2020-05-03 10:27:24
2020-04,경부선,1003,용산,"624,932","644,247","81,206","80,094",2020-05-03 10:27:24
2020-04,경부선,1004,노량진,"194,040","186,736","24,501","22,813",2020-05-03 10:27:24
2020-04,경부선,1005,대방,"245,198","247,373","45,027","44,597",2020-05-03 10:27:24
2020-04,경부선,1006,영등포,"756,695","794,174","155,686","154,708",2020-05-03 10:27:24
2020-04,경부선,1007,신도림,"73,940","72,131","17,723","19,000",2020-05-03 10:27:24
2020-04,경부선,1032,신길,"184,868","152,109","31,136","28,185",2020-05-03 10:27:24
2020-04,경부선,1701,구로,"336,168","348,306","64,022","62,373",2020-05-03 10:27:24
2020-04,경부선,1702,가산디지털단지,"360,626","418,975","24,713","28,060",2020-05-03 10:27:24
2020-04,경부선,1703,금천구청,"208,458","202,946","55,329","56,718",2020-05-03 10:27:24
2020-04,경부선,1704,석수,"202,152","178,126","35,038","34,571",2020-05-03 10:27:24
2020-04,경부선,1705,관악,"138,687","125,521","36,714","34,856",2020-05-03 10:27:24
2020-04,경부선,1706,안양,"430,866","431,879","78,637","82,093",2020-05-03 10:27:24
2020-04,경부선,1707,명학,"168,850","165,318","30,517","29,607",2020-05-03 10:27:24
2020-04,경부선,1708,금정,"517,555","530,987","77,304","78,710",2020-05-03 10:27:24
2020-04,경부선,1709,군포,"142,653","140,495","27,343","26,672",2020-05-03 10:27:24
2020-04,경부선,1710,의왕,"171,632","168,978","31,836","31,948",2020-05-03 10:27:24
2020-04,경부선,1711,성균관대,"271,765","267,486","34,596","35,375",2020-05-03 10:27:24
2020-04,경부선,1712,화서,"139,605","133,705","27,454","26,997",2020-05-03 10:27:24
2020-04,경부선,1713,수원,"707,770","759,653","90,130","96,289",2020-05-03 10:27:24
2020-04,경부선,1714,독산,"316,860","328,090","46,063","47,355",2020-05-03 10:27:24
2020-04,경부선,1715,세류,"59,443","55,393","10,855","10,975",2020-05-03 10:27:24
2020-04,경부선,1716,병점,"265,579","263,067","38,462","37,687",2020-05-03 10:27:24
2020-04,경부선,1717,세마,"45,798","41,051","10,333","9,586",2020-05-03 10:27:24
2020-04,경부선,1718,오산대,"54,399","48,603","9,871","9,488",2020-05-03 10:27:24
2020-04,경부선,1719,오산,"179,405","175,831","28,084","28,993",2020-05-03 10:27:24
2020-04,경부선,1720,진위,"27,861","24,230","5,364","4,966",2020-05-03 10:27:24
2020-04,경부선,1721,송탄,"72,519","68,382","14,280","13,830",2020-05-03 10:27:24
2020-04,경부선,1722,서정리,"104,413","102,376","16,972","16,888",2020-05-03 10:27:24
2020-04,경부선,1723,지제,"47,929","43,441","5,629","5,217",2020-05-03 10:27:24
2020-04,경부선,1724,평택,"211,473","210,081","40,882","39,750",2020-05-03 10:27:24
2020-04,경부선,1725,성환,"54,884","54,033","15,808","15,943",2020-05-03 10:27:24
2020-04,경부선,1726,직산,"13,513","13,714","3,489","3,385",2020-05-03 10:27:24
2020-04,경부선,1727,두정,"87,787","89,818","12,752","12,924",2020-05-03 10:27:24
2020-04,경부선,1728,천안,"80,414","83,647","31,017","31,743",2020-05-03 10:27:24
2020-04,경부선,1729,당정,"118,548","112,214","19,620","19,074",2020-05-03 10:27:24
2020-04,경부선,1749,서동탄,"28,802","24,840","6,154","5,873",2020-05-03 10:27:24
2020-04,경부선,1750,광명,"58,913","49,136","5,457","4,991",2020-05-03 10:27:24
2020-04,경인선,1801,개봉,"389,529","386,990","104,164","108,159",2020-05-03 10:27:24
2020-04,경인선,1802,오류동,"209,771","194,617","61,800","60,897",2020-05-03 10:27:24
2020-04,경인선,1803,역곡,"526,981","517,333","108,041","110,670",2020-05-03 10:27:24
2020-04,경인선,1804,부천,"664,138","675,318","144,524","146,127",2020-05-03 10:27:24
2020-04,경인선,1805,송내,"572,006","562,744","85,936","85,360",2020-05-03 10:27:24
2020-04,경인선,1806,부평,"642,934","703,840","97,987","98,733",2020-05-03 10:27:24
2020-04,경인선,1807,백운,"123,781","120,612","41,579","42,900",2020-05-03 10:27:24
2020-04,경인선,1808,동암,"306,445","306,171","68,639","69,022",2020-05-03 10:27:24
2020-04,경인선,1809,주안,"400,585","364,660","61,714","56,147",2020-05-03 10:27:24
2020-04,경인선,1810,제물포,"181,212","168,037","43,484","43,394",2020-05-03 10:27:24
2020-04,경인선,1811,동인천,"254,169","240,811","81,645","79,842",2020-05-03 10:27:24
2020-04,경인선,1812,인천,"53,084","38,640","23,493","22,030",2020-05-03 10:27:24
2020-04,경인선,1813,구일,"111,405","112,787","29,224","28,828",2020-05-03 10:27:24
2020-04,경인선,1814,소사,"178,805","166,806","48,774","47,874",2020-05-03 10:27:24
2020-04,경인선,1815,부개,"152,993","142,154","43,942","43,438",2020-05-03 10:27:24
2020-04,경인선,1816,간석,"103,611","97,454","30,267","28,927",2020-05-03 10:27:24
2020-04,경인선,1817,도원,"40,878","41,090","22,740","23,840",2020-05-03 10:27:24
2020-04,경인선,1821,온수(성공회대입구),"111,789","109,388","31,198","31,220",2020-05-03 10:27:24
2020-04,경인선,1822,중동,"163,950","152,287","46,576","45,949",2020-05-03 10:27:24
2020-04,경인선,1823,도화,"61,136","52,887","25,809","24,685",2020-05-03 10:27:24
2020-04,경원선,1008,이촌(국립중앙박물관),"66,548","49,440","17,647","14,803",2020-05-03 10:27:24
2020-04,경원선,1009,서빙고,"28,493","25,708","10,330","9,582",2020-05-03 10:27:24
2020-04,경원선,1010,한남,"73,372","70,141","20,475","19,247",2020-05-03 10:27:24
2020-04,경원선,1011,옥수,923,639,82,60,2020-05-03 10:27:24
2020-04,경원선,1012,응봉,"30,157","25,666","12,511","11,414",2020-05-03 10:27:24
2020-04,경원선,1013,왕십리(성동구청),"283,589","323,960","41,150","45,325",2020-05-03 10:27:24
2020-04,경원선,1014,청량리(서울시립대입구),"225,703","247,643","105,303","110,716",2020-05-03 10:27:24
2020-04,경원선,1016,외대앞,"136,255","131,791","35,432","35,609",2020-05-03 10:27:24
2020-04,경원선,1017,신이문,"153,569","135,923","50,096","49,248",2020-05-03 10:27:24
2020-04,경원선,1018,석계,"154,024","177,080","46,067","49,773",2020-05-03 10:27:24
2020-04,경원선,1019,광운대,"145,494","138,393","38,761","38,469",2020-05-03 10:27:24
2020-04,경원선,1020,월계,"93,956","86,413","44,314","42,587",2020-05-03 10:27:24
2020-04,경원선,1021,녹천,"79,815","64,666","27,909","25,501",2020-05-03 10:27:24
2020-04,경원선,1022,창동,7,0,0,0,2020-05-03 10:27:24
2020-04,경원선,1901,방학,"142,688","138,303","80,103","79,715",2020-05-03 10:27:24
2020-04,경원선,1902,도봉,"88,372","82,595","52,256","51,948",2020-05-03 10:27:24
2020-04,경원선,1903,도봉산,"129,501","69,851","94,715","74,683",2020-05-03 10:27:24
2020-04,경원선,1904,망월사,"111,977","115,321","49,529","51,473",2020-05-03 10:27:24
2020-04,경원선,1905,회룡,"183,486","179,454","94,473","94,935",2020-05-03 10:27:24
2020-04,경원선,1906,의정부,"334,166","347,963","72,519","73,289",2020-05-03 10:27:24
2020-04,경원선,1907,가능,"108,463","102,037","39,266","38,583",2020-05-03 10:27:24
2020-04,경원선,1908,녹양,"79,336","74,767","25,039","24,257",2020-05-03 10:27:24
2020-04,경원선,1909,양주,"136,004","126,509","41,856","41,669",2020-05-03 10:27:24
2020-04,경원선,1910,덕계,"40,538","35,393","13,450","13,170",2020-05-03 10:27:24
2020-04,경원선,1911,덕정,"97,639","94,213","26,592","26,600",2020-05-03 10:27:24
2020-04,경원선,1912,지행,"106,943","104,732","29,339","28,985",2020-05-03 10:27:24
2020-04,경원선,1913,동두천중앙,"45,900","43,426","24,913","25,392",2020-05-03 10:27:24
2020-04,경원선,1914,보산,"23,292","20,687","10,053","9,613",2020-05-03 10:27:24
2020-04,경원선,1915,동두천,"24,860","29,548","15,718","22,378",2020-05-03 10:27:24
2020-04,경원선,1916,소요산,"27,338","21,590","53,774","45,844",2020-05-03 10:27:24
2020-04,안산선,1751,산본,"318,547","341,048","66,858","67,295",2020-05-03 10:27:24
2020-04,안산선,1752,대야미,"100,396","85,982","24,710","22,764",2020-05-03 10:27:24
2020-04,안산선,1753,반월,"82,227","76,541","21,498","21,036",2020-05-03 10:27:24
2020-04,안산선,1754,상록수,"367,988","356,307","54,734","55,594",2020-05-03 10:27:24
2020-04,안산선,1755,한대앞,"144,677","143,509","25,687","25,714",2020-05-03 10:27:24
2020-04,안산선,1756,중앙,"318,891","341,557","34,581","33,836",2020-05-03 10:27:24
2020-04,안산선,1757,고잔,"159,038","153,918","22,906","22,331",2020-05-03 10:27:24
2020-04,안산선,1758,초지,"82,614","80,700","10,125","10,124",2020-05-03 10:27:24
2020-04,안산선,1759,안산,"253,353","228,480","26,941","24,314",2020-05-03 10:27:24
2020-04,안산선,1760,신길온천,"29,924","27,020","7,124","6,947",2020-05-03 10:27:24
2020-04,안산선,1761,정왕,"138,381","147,605","16,845","18,375",2020-05-03 10:27:24
2020-04,안산선,1762,오이도,"182,902","177,651","27,236","27,055",2020-05-03 10:27:24
2020-04,안산선,1763,수리산,"75,609","61,139","24,943","24,594",2020-05-03 10:27:24
2020-04,과천선,1450,선바위,"169,160","148,550","23,126","22,786",2020-05-03 10:27:24
2020-04,과천선,1451,경마공원,"19,729","19,685","6,943","6,487",2020-05-03 10:27:24
2020-04,과천선,1452,대공원,"46,803","51,211","30,842","31,963",2020-05-03 10:27:24
2020-04,과천선,1453,과천,"86,982","76,831","21,804","20,751",2020-05-03 10:27:24
2020-04,과천선,1454,정부과천청사,"166,115","165,061","30,754","30,281",2020-05-03 10:27:24
2020-04,과천선,1455,인덕원,"467,082","470,839","68,704","70,892",2020-05-03 10:27:24
2020-04,과천선,1456,평촌,"344,115","339,833","43,370","43,834",2020-05-03 10:27:24
2020-04,과천선,1457,범계,"526,677","514,157","68,140","66,208",2020-05-03 10:27:24
2020-04,분당선,1023,선릉,"243,929","393,466","28,346","38,787",2020-05-03 10:27:24
2020-04,분당선,1024,한티,"248,149","259,154","41,135","41,192",2020-05-03 10:27:24
2020-04,분당선,1025,도곡,"104,496","104,278","24,513","23,821",2020-05-03 10:27:24
2020-04,분당선,1026,구룡,"20,888","20,738","8,581","8,623",2020-05-03 10:27:24
2020-04,분당선,1027,개포동,"56,116","59,165","13,775","14,162",2020-05-03 10:27:24
2020-04,분당선,1028,대모산입구,"54,002","49,478","19,087","18,809",2020-05-03 10:27:24
2020-04,분당선,1030,수서,"248,660","256,679","41,337","42,859",2020-05-03 10:27:24
2020-04,분당선,1031,복정,10,0,0,0,2020-05-03 10:27:24
2020-04,분당선,1846,수원,"158,892","111,012","17,853","11,001",2020-05-03 10:27:24
2020-04,분당선,1847,서울숲,"206,356","215,295","19,256","18,401",2020-05-03 10:27:24
2020-04,분당선,1848,압구정로데오,"348,781","402,113","29,522","28,473",2020-05-03 10:27:24
2020-04,분당선,1849,강남구청,"170,902","200,981","23,680","25,805",2020-05-03 10:27:24
2020-04,분당선,1850,선정릉,"150,792","164,528","18,237","17,465",2020-05-03 10:27:24
2020-04,분당선,1851,가천대,"130,806","149,594","18,220","19,711",2020-05-03 10:27:24
2020-04,분당선,1852,태평,"252,188","237,882","64,378","67,155",2020-05-03 10:27:24
2020-04,분당선,1853,모란,"363,512","362,926","120,145","132,881",2020-05-03 10:27:24
2020-04,분당선,1854,야탑,"463,441","491,539","93,865","93,121",2020-05-03 10:27:24
2020-04,분당선,1855,서현,"453,112","463,142","73,874","71,665",2020-05-03 10:27:24
2020-04,분당선,1856,수내,"227,761","227,314","44,262","42,390",2020-05-03 10:27:24
2020-04,분당선,1857,정자,"308,411","331,104","42,360","42,080",2020-05-03 10:27:24
2020-04,분당선,1858,미금,"268,476","286,046","67,008","70,797",2020-05-03 10:27:24
2020-04,분당선,1859,오리,"205,746","172,328","48,429","42,020",2020-05-03 10:27:24
2020-04,분당선,1860,이매,"88,667","83,712","25,614","24,798",2020-05-03 10:27:24
2020-04,분당선,1861,보정,"37,857","30,820","11,715","11,307",2020-05-03 10:27:24
2020-04,분당선,1862,죽전,"249,897","272,929","42,425","44,472",2020-05-03 10:27:24
2020-04,분당선,1863,구성,"80,476","82,426","21,448","21,922",2020-05-03 10:27:24
2020-04,분당선,1864,신갈,"76,599","74,770","16,188","16,509",2020-05-03 10:27:24
2020-04,분당선,1865,기흥,"178,779","168,722","25,766","25,425",2020-05-03 10:27:24
2020-04,분당선,1866,상갈,"95,911","90,487","19,226","18,642",2020-05-03 10:27:24
2020-04,분당선,1867,청명,"72,627","67,426","11,648","11,857",2020-05-03 10:27:24
2020-04,분당선,1868,영통,"155,381","157,625","17,295","17,322",2020-05-03 10:27:24
2020-04,분당선,1869,망포,"265,721","249,103","22,073","21,198",2020-05-03 10:27:24
2020-04,분당선,1870,매탄권선,"84,344","78,999","10,807","10,416",2020-05-03 10:27:24
2020-04,분당선,1871,수원시청,"226,204","256,567","24,309","24,750",2020-05-03 10:27:24
2020-04,분당선,1872,매교,"37,207","37,889","10,561","11,022",2020-05-03 10:27:24
2020-04,일산선,1948,원흥,"168,766","155,141","37,649","36,907",2020-05-03 10:27:24
2020-04,일산선,1949,지축,4,0,0,0,2020-05-03 10:27:24
2020-04,일산선,1950,삼송,"338,220","320,190","66,599","66,473",2020-05-03 10:27:24
2020-04,일산선,1951,원당,"200,259","186,829","59,343","58,650",2020-05-03 10:27:24
2020-04,일산선,1952,화정,"308,000","319,054","80,416","82,582",2020-05-03 10:27:24
2020-04,일산선,1953,대곡,"32,045","23,459","9,927","9,443",2020-05-03 10:27:24
2020-04,일산선,1954,백석,"180,890","182,306","51,945","50,681",2020-05-03 10:27:24
2020-04,일산선,1955,마두,"118,436","122,819","43,497","44,305",2020-05-03 10:27:24
2020-04,일산선,1956,정발산,"137,225","145,048","33,816","31,441",2020-05-03 10:27:24
2020-04,일산선,1957,주엽,"134,642","135,281","53,625","55,279",2020-05-03 10:27:24
2020-04,일산선,1958,대화,"241,593","185,840","51,962","48,389",2020-05-03 10:27:24
2020-04,중앙선,1015,회기,"442,101","424,229","89,174","87,656",2020-05-03 10:27:24
2020-04,중앙선,1201,중랑,"94,107","89,218","37,703","37,099",2020-05-03 10:27:24
2020-04,중앙선,1202,상봉(시외버스터미널),"113,815","110,981","30,511","29,385",2020-05-03 10:27:24
2020-04,중앙선,1203,망우,"126,337","120,881","51,649","52,299",2020-05-03 10:27:24
2020-04,중앙선,1204,양원,"22,066","22,547","11,949","12,062",2020-05-03 10:27:24
2020-04,중앙선,1205,구리,"253,449","259,524","62,381","62,672",2020-05-03 10:27:24
2020-04,중앙선,1206,도농,"175,244","157,459","42,343","41,223",2020-05-03 10:27:24
2020-04,중앙선,1207,양정,"14,621","12,516","7,543","7,097",2020-05-03 10:27:24
2020-04,중앙선,1208,덕소,"100,533","99,384","34,798","34,942",2020-05-03 10:27:24
2020-04,중앙선,1209,도심,"45,222","34,192","14,404","13,587",2020-05-03 10:27:24
2020-04,중앙선,1210,팔당,"23,733","25,349","7,689","7,839",2020-05-03 10:27:24
2020-04,중앙선,1211,운길산,"19,672","17,758","11,198","10,958",2020-05-03 10:27:24
2020-04,중앙선,1212,양수,"32,519","31,947","16,502","16,739",2020-05-03 10:27:24
2020-04,중앙선,1213,신원,"4,060","2,979","3,714","3,191",2020-05-03 10:27:24
2020-04,중앙선,1214,국수,"10,861","10,729","8,089","8,291",2020-05-03 10:27:24
2020-04,중앙선,1215,아신,"10,157","9,976","4,686","4,663",2020-05-03 10:27:24
2020-04,중앙선,1216,오빈,"4,257","4,057","3,286","3,267",2020-05-03 10:27:24
2020-04,중앙선,1217,양평,"43,537","43,991","22,115","22,626",2020-05-03 10:27:24
2020-04,중앙선,1218,원덕,"5,097","4,973","5,517","5,395",2020-05-03 10:27:24
2020-04,중앙선,1219,용문,"24,167","25,313","27,378","27,710",2020-05-03 10:27:24
2020-04,중앙선,1220,지평,500,450,790,804,2020-05-03 10:27:24
2020-04,장항선,1401,봉명,"16,677","15,813","7,671","7,414",2020-05-03 10:27:24
2020-04,장항선,1402,쌍용(나사렛대),"31,426","28,779","7,701","7,126",2020-05-03 10:27:24
2020-04,장항선,1403,아산,"46,215","42,973","6,560","6,207",2020-05-03 10:27:24
2020-04,장항선,1405,배방,"16,960","15,733","4,288","4,221",2020-05-03 10:27:24
2020-04,장항선,1407,온양온천,"49,990","50,586","27,967","28,903",2020-05-03 10:27:24
2020-04,장항선,1408,신창(순천향대),"20,036","18,924","4,716","4,559",2020-05-03 10:27:24
2020-04,경의선,1251,서울역,"67,967","88,326","9,701","12,577",2020-05-03 10:27:24
2020-04,경의선,1252,신촌,"13,099","17,743","2,845","3,087",2020-05-03 10:27:24
2020-04,경의선,1261,효창공원앞,"51,210","58,505","10,455","11,219",2020-05-03 10:27:24
2020-04,경의선,1262,공덕,"64,735","57,709","9,347","9,326",2020-05-03 10:27:24
2020-04,경의선,1263,서강대,"37,814","36,670","7,641","7,297",2020-05-03 10:27:24
2020-04,경의선,1264,홍대입구,"36,703","41,334","3,791","3,900",2020-05-03 10:27:24
2020-04,경의선,1265,가좌,"84,219","75,638","32,410","32,085",2020-05-03 10:27:24
2020-04,경의선,1266,디지털미디어시티,"43,731","41,387","7,446","7,502",2020-05-03 10:27:24
2020-04,경의선,1267,수색,"39,625","41,618","9,545","9,473",2020-05-03 10:27:24
2020-04,경의선,1268,화전,"27,367","25,170","7,750","7,587",2020-05-03 10:27:24
2020-04,경의선,1269,강매,"54,179","45,335","12,705","12,176",2020-05-03 10:27:24
2020-04,경의선,1270,행신,"145,465","141,372","23,169","23,505",2020-05-03 10:27:24
2020-04,경의선,1271,능곡,"62,351","55,854","22,165","22,187",2020-05-03 10:27:24
2020-04,경의선,1272,곡산,"8,927","9,651","3,824","3,800",2020-05-03 10:27:24
2020-04,경의선,1273,백마,"126,572","117,877","22,619","22,419",2020-05-03 10:27:24
2020-04,경의선,1274,풍산,"97,305","90,207","21,859","21,440",2020-05-03 10:27:24
2020-04,경의선,1275,일산,"158,839","154,976","40,940","40,909",2020-05-03 10:27:24
2020-04,경의선,1276,탄현,"141,825","135,445","25,937","25,312",2020-05-03 10:27:24
2020-04,경의선,1277,야당,"109,134","104,410","21,502","21,015",2020-05-03 10:27:24
2020-04,경의선,1278,운정,"107,033","98,282","23,879","23,698",2020-05-03 10:27:24
2020-04,경의선,1279,금릉,"83,295","81,373","18,009","17,851",2020-05-03 10:27:24
2020-04,경의선,1280,금촌,"114,157","111,001","31,499","32,080",2020-05-03 10:27:24
2020-04,경의선,1282,월롱,"41,064","36,761","6,927","7,523",2020-05-03 10:27:24
2020-04,경의선,1283,파주,"19,041","14,141","6,682","5,892",2020-05-03 10:27:24
2020-04,경의선,1284,문산,"88,336","87,607","33,146","32,747",2020-05-03 10:27:24
2020-04,경의선,1285,임진강,540,481,719,779,2020-05-03 10:27:24
2020-04,경의선,1291,서울역,0,0,1,0,2020-05-03 10:27:24
2020-04,경의선,1295,김포공항,1,0,0,0,2020-05-03 10:27:24
2020-04,경의선,1296,계양,5,0,0,0,2020-05-03 10:27:24
2020-04,경의선,1297,검암,1,0,0,0,2020-05-03 10:27:24
2020-04,경춘선,1311,신내,"20,679","21,608","10,141","10,185",2020-05-03 10:27:24
2020-04,경춘선,1312,갈매,"50,586","43,210","14,460","13,511",2020-05-03 10:27:24
2020-04,경춘선,1313,별내,"43,357","42,887","14,301","13,807",2020-05-03 10:27:24
2020-04,경춘선,1314,퇴계원,"62,793","57,108","19,645","18,883",2020-05-03 10:27:24
2020-04,경춘선,1315,사릉,"61,334","57,416","15,896","15,802",2020-05-03 10:27:24
2020-04,경춘선,1316,금곡,"23,263","21,780","11,471","11,173",2020-05-03 10:27:24
2020-04,경춘선,1317,평내호평,"99,011","98,438","29,897","28,843",2020-05-03 10:27:24
2020-04,경춘선,1318,천마산,"23,528","21,646","13,866","14,388",2020-05-03 10:27:24
2020-04,경춘선,1319,마석,"58,891","57,871","25,526","25,126",2020-05-03 10:27:24
2020-04,경춘선,1320,대성리,"10,193","9,576","6,179","5,792",2020-05-03 10:27:24
2020-04,경춘선,1321,청평,"25,355","25,553","13,820","13,948",2020-05-03 10:27:24
2020-04,경춘선,1322,상천,"5,897","4,787","5,629","5,449",2020-05-03 10:27:24
2020-04,경춘선,1323,가평,"26,754","27,500","12,024","11,976",2020-05-03 10:27:24
2020-04,경춘선,1324,굴봉산,"2,337","2,581","3,408","3,482",2020-05-03 10:27:24
2020-04,경춘선,1325,백양리,"1,533","1,402","1,596","1,628",2020-05-03 10:27:24
2020-04,경춘선,1326,강촌,"8,496","8,037","4,780","4,829",2020-05-03 10:27:24
2020-04,경춘선,1327,김유정,"5,346","6,089","3,113","3,090",2020-05-03 10:27:24
2020-04,경춘선,1328,남춘천,"38,771","40,471","15,153","15,787",2020-05-03 10:27:24
2020-04,경춘선,1329,춘천,"21,878","19,460","10,769","9,474",2020-05-03 10:27:24
2020-04,수인선,1878,달월,"1,202",928,899,727,2020-05-03 10:27:24
2020-04,수인선,1879,월곶,"44,025","40,836","9,537","9,441",2020-05-03 10:27:24
2020-04,수인선,1880,소래포구,"77,631","74,200","42,620","41,665",2020-05-03 10:27:24
2020-04,수인선,1881,인천논현,"103,307","107,725","21,340","21,760",2020-05-03 10:27:24
2020-04,수인선,1882,호구포,"65,086","65,975","13,690","13,424",2020-05-03 10:27:24
2020-04,수인선,1883,남동인더스파크,"42,993","47,239","5,111","5,157",2020-05-03 10:27:24
2020-04,수인선,1884,원인재,"77,976","80,166","20,616","20,792",2020-05-03 10:27:24
2020-04,수인선,1885,연수,"79,115","80,299","19,256","18,867",2020-05-03 10:27:24
2020-04,수인선,1886,송도,"40,731","37,490","15,151","15,124",2020-05-03 10:27:24
2020-04,수인선,1888,인하대,"94,421","88,836","18,033","17,533",2020-05-03 10:27:24
2020-04,수인선,1889,숭의,"62,249","56,558","20,135","19,406",2020-05-03 10:27:24
2020-04,수인선,1890,신포,"27,758","29,138","9,017","9,548",2020-05-03 10:27:24
2020-04,수인선,1891,인천,"11,881","24,166","8,613","9,960",2020-05-03 10:27:24
2020-04,경강선,1501,판교,"83,622","81,848","8,250","7,006",2020-05-03 10:27:24
2020-04,경강선,1502,이매,"18,588","15,254","4,246","3,637",2020-05-03 10:27:24
2020-04,경강선,1503,삼동,"41,001","36,033","7,723","7,634",2020-05-03 10:27:24
2020-04,경강선,1504,경기광주,"132,122","123,686","18,363","18,846",2020-05-03 10:27:24
2020-04,경강선,1505,초월,"51,273","49,127","8,621","8,714",2020-05-03 10:27:24
2020-04,경강선,1506,곤지암,"34,549","34,907","7,780","8,067",2020-05-03 10:27:24
2020-04,경강선,1507,신둔도예촌,"20,128","18,776","4,563","4,434",2020-05-03 10:27:24
2020-04,경강선,1508,이천,"46,560","49,951","8,420","9,052",2020-05-03 10:27:24
2020-04,경강선,1509,부발,"37,067","35,176","4,712","4,688",2020-05-03 10:27:24
2020-04,경강선,1510,세종대왕릉,"4,410","4,423","2,464","2,448",2020-05-03 10:27:24
2020-04,경강선,1511,여주,"33,142","34,768","9,699","9,670",2020-05-03 10:27:24
2020-04,5호선,2511,방화,"118,462","111,416","36,568","34,402",2020-05-03 10:27:24
2020-04,5호선,2512,개화산,"99,562","94,426","27,112","27,664",2020-05-03 10:27:24
2020-04,5호선,2513,김포공항,"114,679","108,176","19,237","21,163",2020-05-03 10:27:24
2020-04,5호선,2514,송정,"129,120","119,150","36,795","35,916",2020-05-03 10:27:24
2020-04,5호선,2515,마곡,"155,839","146,797","24,612","23,720",2020-05-03 10:27:24
2020-04,5호선,2516,발산,"366,481","383,856","59,811","57,280",2020-05-03 10:27:24
2020-04,5호선,2517,우장산,"251,005","244,802","58,159","60,738",2020-05-03 10:27:24
2020-04,5호선,2518,화곡,"566,934","518,407","104,798","99,540",2020-05-03 10:27:24
2020-04,5호선,2519,까치산,"579,835","540,541","115,195","116,663",2020-05-03 10:27:24
2020-04,5호선,2520,신정(은행정),"269,479","200,351","42,752","41,105",2020-05-03 10:27:24
2020-04,5호선,2521,목동,"331,100","363,816","58,627","59,272",2020-05-03 10:27:24
2020-04,5호선,2522,오목교(목동운동장앞),"450,734","485,393","56,652","56,426",2020-05-03 10:27:24
2020-04,5호선,2523,양평,"142,076","140,259","20,998","20,865",2020-05-03 10:27:24
2020-04,5호선,2524,영등포구청,"72,291","72,009","14,783","14,268",2020-05-03 10:27:24
2020-04,5호선,2525,영등포시장,"161,493","166,189","43,523","44,410",2020-05-03 10:27:24
2020-04,5호선,2526,신길,"74,476","82,557","8,471","9,052",2020-05-03 10:27:24
2020-04,5호선,2527,여의도,"504,681","540,484","35,484","32,545",2020-05-03 10:27:24
2020-04,5호선,2528,여의나루,"230,484","238,790","19,168","17,808",2020-05-03 10:27:24
2020-04,5호선,2529,마포,"263,712","273,959","42,398","41,568",2020-05-03 10:27:24
2020-04,5호선,2530,공덕,"272,459","298,926","30,968","29,254",2020-05-03 10:27:24
2020-04,5호선,2531,애오개,"128,509","129,104","26,195","25,322",2020-05-03 10:27:24
2020-04,5호선,2532,충정로(경기대입구),"91,040","91,891","10,262","10,320",2020-05-03 10:27:24
2020-04,5호선,2533,서대문,"325,940","339,488","44,646","42,012",2020-05-03 10:27:24
2020-04,5호선,2534,광화문(세종문화회관),"603,036","638,293","47,125","44,732",2020-05-03 10:27:24
2020-04,5호선,2535,종로3가,"211,200","209,221","64,543","70,327",2020-05-03 10:27:24
2020-04,5호선,2536,을지로4가,"95,266","101,128","34,884","35,425",2020-05-03 10:27:24
2020-04,5호선,2537,동대문역사문화공원(DDP),"52,421","61,285","6,676","7,299",2020-05-03 10:27:24
2020-04,5호선,2538,청구,"73,116","68,134","19,063","14,648",2020-05-03 10:27:24
2020-04,5호선,2539,신금호,"113,521","112,415","26,482","29,679",2020-05-03 10:27:24
2020-04,5호선,2540,행당,"149,728","130,998","34,312","31,063",2020-05-03 10:27:24
2020-04,5호선,2541,왕십리(성동구청),"86,308","101,464","16,420","15,644",2020-05-03 10:27:24
2020-04,5호선,2542,마장,"99,114","92,960","27,771","27,439",2020-05-03 10:27:24
2020-04,5호선,2543,답십리,"307,351","276,854","58,085","56,331",2020-05-03 10:27:24
2020-04,5호선,2544,장한평,"343,360","338,844","63,214","64,245",2020-05-03 10:27:24
2020-04,5호선,2545,군자(능동),"229,004","252,061","28,764","29,724",2020-05-03 10:27:24
2020-04,5호선,2546,아차산(어린이대공원후문),"271,124","269,153","75,309","73,799",2020-05-03 10:27:24
2020-04,5호선,2547,광나루(장신대),"252,894","226,454","48,399","47,772",2020-05-03 10:27:24
2020-04,5호선,2548,천호(풍납토성),"346,308","355,022","85,983","91,409",2020-05-03 10:27:24
2020-04,5호선,2549,강동,"394,279","340,513","72,316","67,055",2020-05-03 10:27:24
2020-04,5호선,2550,길동,"126,107","131,998","43,572","45,478",2020-05-03 10:27:24
2020-04,5호선,2551,굽은다리(강동구민회관앞),"160,669","150,261","43,010","40,201",2020-05-03 10:27:24
2020-04,5호선,2552,명일,"140,652","143,644","38,897","40,677",2020-05-03 10:27:24
2020-04,5호선,2553,고덕,"149,696","151,867","35,636","35,742",2020-05-03 10:27:24
2020-04,5호선,2554,상일동,"341,924","288,457","66,311","62,923",2020-05-03 10:27:24
2020-04,5호선,2555,둔촌동,"143,878","142,861","40,415","40,858",2020-05-03 10:27:24
2020-04,5호선,2556,올림픽공원(한국체대),"66,062","57,210","20,424","18,428",2020-05-03 10:27:24
2020-04,5호선,2557,방이,"125,534","129,560","29,223","28,696",2020-05-03 10:27:24
2020-04,5호선,2558,오금,"67,175","66,342","13,527","13,296",2020-05-03 10:27:24
2020-04,5호선,2559,개롱,"109,452","113,491","29,028","30,013",2020-05-03 10:27:24
2020-04,5호선,2560,거여,"131,550","120,963","37,784","37,537",2020-05-03 10:27:24
2020-04,5호선,2561,마천,"85,544","85,408","36,568","38,135",2020-05-03 10:27:24
2020-04,6호선,2611,응암,"323,285","317,324","83,695","83,226",2020-05-03 10:27:24
2020-04,6호선,2612,역촌,"61,851","76,331","21,777","21,422",2020-05-03 10:27:24
2020-04,6호선,2613,불광,"80,182","85,619","29,783","25,349",2020-05-03 10:27:24
2020-04,6호선,2614,독바위,"51,215","53,426","14,154","18,172",2020-05-03 10:27:24
2020-04,6호선,2615,연신내,12,0,2,0,2020-05-03 10:27:24
2020-04,6호선,2616,구산,"135,592","88,621","36,555","36,249",2020-05-03 10:27:24
2020-04,6호선,2617,새절(신사),"237,243","217,293","61,714","62,844",2020-05-03 10:27:24
2020-04,6호선,2618,증산(명지대앞),"187,406","179,109","52,978","53,877",2020-05-03 10:27:24
2020-04,6호선,2619,디지털미디어시티,"257,951","277,247","38,009","38,967",2020-05-03 10:27:24
2020-04,6호선,2620,월드컵경기장(성산),"72,376","78,551","45,049","43,065",2020-05-03 10:27:24
2020-04,6호선,2621,마포구청,"266,064","231,593","51,404","46,635",2020-05-03 10:27:24
2020-04,6호선,2622,망원,"275,959","306,418","59,539","61,835",2020-05-03 10:27:24
2020-04,6호선,2623,합정,"286,521","284,721","26,131","24,478",2020-05-03 10:27:24
2020-04,6호선,2624,상수,"177,767","212,309","14,932","15,226",2020-05-03 10:27:24
2020-04,6호선,2625,광흥창(서강),"163,209","156,882","29,972","29,359",2020-05-03 10:27:24
2020-04,6호선,2626,대흥(서강대앞),"143,399","149,554","28,903","29,038",2020-05-03 10:27:24
2020-04,6호선,2627,공덕,"348,129","343,809","52,942","49,820",2020-05-03 10:27:24
2020-04,6호선,2628,효창공원앞,"131,080","115,431","27,821","26,113",2020-05-03 10:27:24
2020-04,6호선,2629,삼각지,"117,048","100,520","11,157","8,694",2020-05-03 10:27:24
2020-04,6호선,2630,녹사평(용산구청),"105,374","110,129","13,376","12,625",2020-05-03 10:27:24
2020-04,6호선,2631,이태원,"242,576","265,296","22,732","23,755",2020-05-03 10:27:24
2020-04,6호선,2632,한강진,"151,811","187,493","11,158","10,826",2020-05-03 10:27:24
2020-04,6호선,2633,버티고개,"40,017","36,255","9,995","11,986",2020-05-03 10:27:24
2020-04,6호선,2634,약수,"65,952","67,123","16,063","15,645",2020-05-03 10:27:24
2020-04,6호선,2635,청구,"72,966","77,243","14,077","17,361",2020-05-03 10:27:24
2020-04,6호선,2636,신당,"148,237","159,864","24,899","23,553",2020-05-03 10:27:24
2020-04,6호선,2637,동묘앞,"143,926","149,401","52,907","47,345",2020-05-03 10:27:24
2020-04,6호선,2638,창신,"65,033","50,401","13,305","12,574",2020-05-03 10:27:24
2020-04,6호선,2639,보문,"148,410","134,508","21,995","21,394",2020-05-03 10:27:24
2020-04,6호선,2640,안암(고대병원앞),"193,443","197,503","24,637","23,468",2020-05-03 10:27:24
2020-04,6호선,2641,고려대(종암),"146,391","139,076","24,228","24,690",2020-05-03 10:27:24
2020-04,6호선,2642,월곡(동덕여대),"206,156","197,525","53,927","53,609",2020-05-03 10:27:24
2020-04,6호선,2643,상월곡(한국과학기술연구원),"111,701","94,569","28,840","28,216",2020-05-03 10:27:24
2020-04,6호선,2644,돌곶이,"167,730","153,010","43,775","43,406",2020-05-03 10:27:24
2020-04,6호선,2645,석계,"237,271","237,621","55,742","55,849",2020-05-03 10:27:24
2020-04,6호선,2646,태릉입구,"103,551","115,481","20,411","21,907",2020-05-03 10:27:24
2020-04,6호선,2647,화랑대(서울여대입구),"222,037","167,767","31,944","28,009",2020-05-03 10:27:24
2020-04,6호선,2648,봉화산(서울의료원),"174,256","155,194","34,376","33,585",2020-05-03 10:27:24
2020-04,6호선,2649,신내,1,0,0,0,2020-05-03 10:27:24
2020-04,7호선,2711,장암,"49,998","19,991","7,625","5,512",2020-05-03 10:27:24
2020-04,7호선,2712,도봉산,"182,048","213,297","35,614","54,239",2020-05-03 10:27:24
2020-04,7호선,2713,수락산,"240,162","236,526","66,850","67,431",2020-05-03 10:27:24
2020-04,7호선,2714,마들,"214,520","197,784","57,983","58,140",2020-05-03 10:27:24
2020-04,7호선,2715,노원,"371,943","401,463","80,237","80,220",2020-05-03 10:27:24
2020-04,7호선,2716,중계,"260,500","225,550","61,309","59,590",2020-05-03 10:27:24
2020-04,7호선,2717,하계,"328,735","306,374","72,716","70,088",2020-05-03 10:27:24
2020-04,7호선,2718,공릉(서울과학기술대),"222,054","221,971","49,326","49,619",2020-05-03 10:27:24
2020-04,7호선,2719,태릉입구,"158,841","146,148","30,164","27,807",2020-05-03 10:27:24
2020-04,7호선,2720,먹골,"197,667","188,110","44,637","45,027",2020-05-03 10:27:24
2020-04,7호선,2721,중화,"214,941","204,359","47,103","47,319",2020-05-03 10:27:24
2020-04,7호선,2722,상봉(시외버스터미널),"355,162","331,774","52,451","50,282",2020-05-03 10:27:24
2020-04,7호선,2723,면목,"297,018","282,474","70,871","72,953",2020-05-03 10:27:24
2020-04,7호선,2724,사가정,"303,951","300,349","73,789","73,914",2020-05-03 10:27:24
2020-04,7호선,2725,용마산(용마폭포공원),"116,699","108,092","27,107","29,757",2020-05-03 10:27:24
2020-04,7호선,2726,중곡,"183,395","166,682","41,786","42,360",2020-05-03 10:27:24
2020-04,7호선,2727,군자(능동),"289,752","221,144","53,425","46,731",2020-05-03 10:27:24
2020-04,7호선,2728,어린이대공원(세종대),"234,078","229,989","28,075","28,084",2020-05-03 10:27:24
2020-04,7호선,2729,건대입구,"254,178","275,388","35,522","31,603",2020-05-03 10:27:24
2020-04,7호선,2730,뚝섬유원지,"200,559","202,436","30,389","30,736",2020-05-03 10:27:24
2020-04,7호선,2731,청담,"380,769","432,544","50,501","48,095",2020-05-03 10:27:24
2020-04,7호선,2732,강남구청,"318,367","361,266","32,176","32,402",2020-05-03 10:27:24
2020-04,7호선,2733,학동,"464,092","508,864","41,161","38,366",2020-05-03 10:27:24
2020-04,7호선,2734,논현,"418,033","465,465","37,521","36,674",2020-05-03 10:27:24
2020-04,7호선,2735,반포,"112,665","110,227","23,135","22,098",2020-05-03 10:27:24
2020-04,7호선,2736,고속터미널,"303,621","259,525","45,107","39,246",2020-05-03 10:27:24
2020-04,7호선,2737,내방,"265,703","274,405","43,258","42,627",2020-05-03 10:27:24
2020-04,7호선,2738,이수,"315,033","309,593","51,168","48,639",2020-05-03 10:27:24
2020-04,7호선,2739,남성,"210,912","191,457","47,005","46,953",2020-05-03 10:27:24
2020-04,7호선,2740,숭실대입구(살피재),"229,798","227,860","38,153","39,641",2020-05-03 10:27:24
2020-04,7호선,2741,상도,"198,304","188,526","36,580","35,424",2020-05-03 10:27:24
2020-04,7호선,2742,장승배기,"183,578","174,326","47,889","48,299",2020-05-03 10:27:24
2020-04,7호선,2743,신대방삼거리,"319,611","298,461","60,479","61,621",2020-05-03 10:27:24
2020-04,7호선,2744,보라매,"186,045","184,745","30,741","29,944",2020-05-03 10:27:24
2020-04,7호선,2745,신풍,"210,377","196,092","44,618","45,462",2020-05-03 10:27:24
2020-04,7호선,2746,대림(구로구청),"156,588","154,989","22,939","21,946",2020-05-03 10:27:24
2020-04,7호선,2747,남구로,"315,576","334,766","41,357","41,268",2020-05-03 10:27:24
2020-04,7호선,2748,가산디지털단지,"911,796","920,837","65,573","61,842",2020-05-03 10:27:24
2020-04,7호선,2749,철산,"442,735","454,752","66,879","67,704",2020-05-03 10:27:24
2020-04,7호선,2750,광명사거리,"449,882","436,850","107,962","110,255",2020-05-03 10:27:24
2020-04,7호선,2751,천왕,"191,039","173,068","36,775","36,620",2020-05-03 10:27:24
2020-04,7호선,2752,온수(성공회대입구),"205,575","192,065","28,147","26,574",2020-05-03 10:27:24
2020-04,7호선,2753,까치울,"154,115","145,873","20,677","20,754",2020-05-03 10:27:24
2020-04,7호선,2754,부천종합운동장,"91,041","77,258","14,287","14,422",2020-05-03 10:27:24
2020-04,7호선,2755,춘의,"188,942","183,700","23,295","22,378",2020-05-03 10:27:24
2020-04,7호선,2756,신중동,"290,361","291,382","36,902","35,352",2020-05-03 10:27:24
2020-04,7호선,2757,부천시청,"242,997","238,578","36,747","35,247",2020-05-03 10:27:24
2020-04,7호선,2758,상동,"262,050","269,981","33,563","33,407",2020-05-03 10:27:24
2020-04,7호선,2759,삼산체육관,"90,589","79,248","15,633","15,072",2020-05-03 10:27:24
2020-04,7호선,2760,굴포천,"179,948","187,548","23,070","24,091",2020-05-03 10:27:24
2020-04,7호선,2761,부평구청,"243,829","195,998","20,811","18,469",2020-05-03 10:27:24
2020-04,8호선,2811,암사,"354,734","305,045","72,547","71,850",2020-05-03 10:27:24
2020-04,8호선,2812,천호(풍납토성),"332,210","392,634","60,012","57,195",2020-05-03 10:27:24
2020-04,8호선,2813,강동구청,"186,432","191,810","41,655","42,195",2020-05-03 10:27:24
2020-04,8호선,2814,몽촌토성(평화의문),"102,261","110,019","22,986","22,147",2020-05-03 10:27:24
2020-04,8호선,2815,잠실(송파구청),"269,173","313,220","42,329","40,496",2020-05-03 10:27:24
2020-04,8호선,2816,석촌,"140,946","166,111","33,522","35,996",2020-05-03 10:27:24
2020-04,8호선,2817,송파,"156,306","147,004","37,549","36,692",2020-05-03 10:27:24
2020-04,8호선,2818,가락시장,"135,171","158,704","45,761","47,135",2020-05-03 10:27:24
2020-04,8호선,2819,문정,"409,120","428,893","39,768","39,664",2020-05-03 10:27:24
2020-04,8호선,2820,장지,"341,234","328,028","51,232","48,625",2020-05-03 10:27:24
2020-04,8호선,2821,복정,"200,824","170,604","30,146","27,675",2020-05-03 10:27:24
2020-04,8호선,2822,산성,"100,902","95,897","24,919","27,488",2020-05-03 10:27:24
2020-04,8호선,2823,남한산성입구(성남법원.검찰청),"247,794","217,535","56,872","54,582",2020-05-03 10:27:24
2020-04,8호선,2824,단대오거리,"188,576","177,015","48,778","47,665",2020-05-03 10:27:24
2020-04,8호선,2825,신흥,"76,997","81,713","29,255","30,735",2020-05-03 10:27:24
2020-04,8호선,2826,수진,"85,472","74,930","29,162","28,522",2020-05-03 10:27:24
2020-04,8호선,2827,모란,"66,520","52,021","40,003","28,839",2020-05-03 10:27:24
2020-04,9호선,4101,개화,"46,762","33,206","10,300","8,528",2020-05-03 10:27:24
2020-04,9호선,4102,김포공항,"133,195","175,061","11,056","12,466",2020-05-03 10:27:24
2020-04,9호선,4103,공항시장,"48,981","53,836","17,693","19,416",2020-05-03 10:27:24
2020-04,9호선,4104,신방화,"120,690","114,785","30,715","30,618",2020-05-03 10:27:24
2020-04,9호선,4105,마곡나루(서울식물원),"205,494","205,585","17,430","17,303",2020-05-03 10:27:24
2020-04,9호선,4106,양천향교,"174,691","178,508","30,589","30,751",2020-05-03 10:27:24
2020-04,9호선,4107,가양,"368,520","352,855","89,968","87,145",2020-05-03 10:27:24
2020-04,9호선,4108,증미,"125,437","123,401","28,936","29,284",2020-05-03 10:27:24
2020-04,9호선,4109,등촌,"175,307","171,341","54,795","55,010",2020-05-03 10:27:24
2020-04,9호선,4110,염창,"334,627","322,341","47,862","47,640",2020-05-03 10:27:24
2020-04,9호선,4111,신목동,"70,969","62,936","12,898","12,093",2020-05-03 10:27:24
2020-04,9호선,4112,선유도,"143,915","139,961","18,709","18,227",2020-05-03 10:27:24
2020-04,9호선,4113,당산,"364,240","359,993","41,801","37,972",2020-05-03 10:27:24
2020-04,9호선,4114,국회의사당,"286,627","291,856","28,952","24,861",2020-05-03 10:27:24
2020-04,9호선,4115,여의도,"454,566","441,655","27,576","25,891",2020-05-03 10:27:24
2020-04,9호선,4116,샛강,"97,458","102,230","16,616","16,019",2020-05-03 10:27:24
2020-04,9호선,4117,노량진,"553,753","558,152","66,480","67,976",2020-05-03 10:27:24
2020-04,9호선,4118,노들,"76,673","63,428","20,844","19,232",2020-05-03 10:27:24
2020-04,9호선,4119,흑석(중앙대입구),"131,715","138,940","35,348","35,688",2020-05-03 10:27:24
2020-04,9호선,4120,동작(현충원),"32,480","26,906","7,566","6,891",2020-05-03 10:27:24
2020-04,9호선,4121,구반포,"44,381","47,477","13,549","13,581",2020-05-03 10:27:24
2020-04,9호선,4122,신반포,"44,876","45,516","11,016","10,646",2020-05-03 10:27:24
2020-04,9호선,4123,고속터미널,"221,968","302,117","31,873","35,949",2020-05-03 10:27:24
2020-04,9호선,4124,사평,"49,251","47,056","10,567","10,432",2020-05-03 10:27:24
2020-04,9호선,4125,신논현,"665,983","687,520","39,934","38,255",2020-05-03 10:27:24
2020-04,공항철도 1호선,4201,서울역,"122,315","116,587","21,537","19,986",2020-05-03 10:27:24
2020-04,공항철도 1호선,4202,공덕,"41,948","54,864","4,488","5,328",2020-05-03 10:27:24
2020-04,공항철도 1호선,4203,홍대입구,"190,609","197,301","11,466","11,103",2020-05-03 10:27:24
2020-04,공항철도 1호선,4204,디지털미디어시티,"248,727","229,474","15,122","14,289",2020-05-03 10:27:24
2020-04,공항철도 1호선,4206,마곡나루(서울식물원),"143,208","133,040","7,318","7,384",2020-05-03 10:27:24
2020-04,공항철도 1호선,4207,김포공항,"157,227","100,741","11,613","8,021",2020-05-03 10:27:24
2020-04,공항철도 1호선,4208,계양,"194,867","175,797","17,865","16,638",2020-05-03 10:27:24
2020-04,공항철도 1호선,4209,검암,"155,879","150,620","12,990","13,236",2020-05-03 10:27:24
2020-04,공항철도 1호선,4210,청라국제도시,"129,318","121,208","7,166","7,084",2020-05-03 10:27:24
2020-04,공항철도 1호선,4211,운서,"131,725","134,473","17,422","17,291",2020-05-03 10:27:24
2020-04,공항철도 1호선,4212,공항화물청사,"48,406","54,157","7,266","7,177",2020-05-03 10:27:24
2020-04,공항철도 1호선,4213,인천공항1터미널,"80,120","77,830","9,725","9,869",2020-05-03 10:27:24
2020-04,공항철도 1호선,4215,인천공항2터미널,"45,168","39,123","4,616","4,180",2020-05-03 10:27:24
2020-04,공항철도 1호선,4217,영종,"51,495","52,231","12,683","12,792",2020-05-03 10:27:24
2020-04,9호선2~3단계,4126,언주,"184,170","185,046","16,729","16,460",2020-05-03 10:27:24
2020-04,9호선2~3단계,4127,선정릉,"180,198","194,396","14,619","15,313",2020-05-03 10:27:24
2020-04,9호선2~3단계,4128,삼성중앙,"120,662","124,851","13,961","13,767",2020-05-03 10:27:24
2020-04,9호선2~3단계,4129,봉은사,"286,951","290,811","26,363","24,941",2020-05-03 10:27:24
2020-04,9호선2~3단계,4130,종합운동장,"80,765","78,161","10,376","9,485",2020-05-03 10:27:24
2020-04,9호선2~3단계,4131,삼전,"120,224","116,678","22,734","22,432",2020-05-03 10:27:24
2020-04,9호선2~3단계,4132,석촌고분,"101,809","98,465","20,369","20,688",2020-05-03 10:27:24
2020-04,9호선2~3단계,4133,석촌,"145,953","123,985","20,370","17,347",2020-05-03 10:27:24
2020-04,9호선2~3단계,4134,송파나루,"79,452","83,684","16,093","16,390",2020-05-03 10:27:24
2020-04,9호선2~3단계,4135,한성백제,"42,759","36,839","9,468","8,315",2020-05-03 10:27:24
2020-04,9호선2~3단계,4136,올림픽공원(한국체대),"100,137","98,082","12,730","13,004",2020-05-03 10:27:24
2020-04,9호선2~3단계,4137,둔촌오륜,"15,232","14,256","3,681","3,556",2020-05-03 10:27:24
2020-04,9호선2~3단계,4138,중앙보훈병원,"144,249","126,422","51,495","50,918",2020-05-03 10:27:24
2020-04,우이신설선,4701,북한산우이,"47,168","43,459","28,452","30,188",2020-05-03 10:27:24
2020-04,우이신설선,4702,솔밭공원,"32,398","29,617","20,209","21,050",2020-05-03 10:27:24
2020-04,우이신설선,4703,4.19민주묘지,"39,048","37,343","26,386","24,067",2020-05-03 10:27:24
2020-04,우이신설선,4704,가오리,"58,169","53,523","32,111","33,769",2020-05-03 10:27:24
2020-04,우이신설선,4705,화계,"45,564","40,240","28,943","29,261",2020-05-03 10:27:24
2020-04,우이신설선,4706,삼양,"26,089","27,511","20,682","23,029",2020-05-03 10:27:24
2020-04,우이신설선,4707,삼양사거리,"29,363","29,346","26,671","27,143",2020-05-03 10:27:24
2020-04,우이신설선,4708,솔샘,"98,088","86,997","25,955","27,247",2020-05-03 10:27:24
2020-04,우이신설선,4709,북한산보국문,"100,404","92,035","30,070","30,669",2020-05-03 10:27:24
2020-04,우이신설선,4710,정릉,"66,179","59,076","33,329","32,005",2020-05-03 10:27:24
2020-04,우이신설선,4711,성신여대입구(돈암),"49,730","61,501","20,451","19,964",2020-05-03 10:27:24
2020-04,우이신설선,4712,보문,"23,184","23,170","11,302","11,781",2020-05-03 10:27:24
2020-04,우이신설선,4713,신설동,"30,248","32,349","17,747","15,876",2020-05-03 10:27:24
